course_id,course_name,credits,department_id
1,"Introduction to Computer Science",3,1
2,"Data Structures and Algorithms",4,1
3,"Database Management Systems",3,1
4,"Operating Systems",4,1
5,"Computer Networks",3,1
6,"Artificial Intelligence",4,1
7,"Machine Learning",4,1
8,"Software Engineering",3,1
9,"Web Development",3,1
10,"Mobile Application Development",3,1
11,"Discrete Mathematics",3,2
12,"Calculus I",4,2
13,"Calculus II",4,2
14,"Linear Algebra",3,2
15,"Probability and Statistics",3,2
16,"Physics I: Mechanics",4,3
17,"Physics II: Electricity and Magnetism",4,3
18,"Organic Chemistry",4,4
19,"Inorganic Chemistry",4,4
20,Biochemistry,3,4
21,Microbiology,3,5
22,Genetics,3,5
23,Thermodynamics,4,6
24,"Fluid Mechanics",4,6
25,"Strength of Materials",4,6
26,"Digital Electronics",3,7
27,"Analog Electronics",3,7
28,"Control Systems",4,7
29,"Structural Engineering",4,8
30,"Economics 101",3,9
31,Macroeconomics,3,9
32,Microeconomics,3,9
33,"Psychology 101",3,10
34,"Cognitive Psychology",4,10
35,"Social Psychology",4,10
36,"Introduction to Sociology",3,11
37,"Cultural Anthropology",3,11
38,"World History",3,12
39,"Modern History",3,12
40,"Political Theory",3,13
41,"Comparative Politics",3,13
42,"Ethics in Philosophy",3,14
43,"Logic and Reasoning",3,14
44,"English Literature I",3,15
45,"English Literature II",3,15
46,"Environmental Science",4,16
47,"Principles of Marketing",3,17
48,"Corporate Finance",4,18
49,"Art History",3,20
50,"Introduction to Artificial Intelligence",4,1
51,"Advanced Database Systems",4,1
52,"Computer Vision",3,1
53,"Natural Language Processing",3,1
54,"Cryptography and Network Security",3,1
55,"Cloud Computing",4,1
56,"Human-Computer Interaction",3,1
57,"Compiler Design",4,1
58,"Parallel and Distributed Computing",4,1
59,"Big Data Analytics",4,1
60,"Advanced Calculus",4,2
61,"Differential Equations",3,2
62,"Abstract Algebra",4,2
63,"Number Theory",3,2
64,"Mathematical Modeling",3,2
65,"Classical Mechanics",4,3
66,"Quantum Mechanics",4,3
67,"Statistical Mechanics",4,3
68,"Optics and Wave Physics",3,3
69,"Solid State Physics",4,3
70,"Physical Chemistry",4,4
71,"Analytical Chemistry",4,4
72,"Environmental Chemistry",3,4
73,"Medicinal Chemistry",4,4
74,"Polymer Chemistry",4,4
75,"Cell Biology",4,5
76,Immunology,4,5
77,"Developmental Biology",4,5
78,Neurobiology,4,5
79,"Evolutionary Biology",3,5
80,"Heat Transfer",4,6
81,"Manufacturing Processes",4,6
82,"Machine Design",4,6
83,"Robotics and Automation",4,6
84,"Power Systems",4,7
85,Microelectronics,4,7
86,"Communication Systems",4,7
87,"VLSI Design",4,7
88,"Geotechnical Engineering",4,8
89,"Transportation Engineering",4,8
90,"Urban Planning",3,8
91,"Construction Management",4,8
92,"International Economics",3,9
93,"Development Economics",3,9
94,"Behavioral Economics",3,9
95,"Psychology of Learning",3,10
96,"Abnormal Psychology",4,10
97,"Sociology of Education",3,11
