professor_id,first_name,last_name,email,department_id
51,Stephon,Zemlak,wsenger@kccessmr.org,9
52,Marilie,Larson,klocko.arnold@kccessmr.com,2
53,Lea,Dickens,zgraham@kccessmr.com,2
54,Max,Dibbert,cyost@kccessmr.org,9
56,Talon,Weber,kristian51@kccessmr.net,8
57,Fabian,Strosin,aarmstrong@kccessmr.org,7
58,Godfrey,Homenick,chloe.kuphal@kccessmr.com,3
59,Buck,Stracke,zhills@kccessmr.org,4
61,Makenzie,Wilkinson,becker.roy@kccessmr.com,6
62,Winfield,Leannon,ruthe44@kccessmr.com,9
63,Damian,Gleason,quigley.raegan@kccessmr.org,3
64,Sigmund,Barrows,demond31@kccessmr.net,7
65,Sister,Fisher,thompson.gordon@kccessmr.com,8
66,Haylie,Turcotte,luettgen.doyle@kccessmr.com,2
67,Angeline,Kemmer,igulgowski@kccessmr.org,1
68,Virginia,O'Reilly,roosevelt.mclaughlin@kccessmr.com,1
69,Lorna,Koepp,adeline.gutkowski@kccessmr.com,6
70,Ezequiel,Feil,bartoletti.ed@kccessmr.org,5
71,Kaylah,Collins,rkassulke@kccessmr.org,5
72,Dorris,Predovic,larson.theresia@kccessmr.com,4
73,Corene,Gerhold,raleigh51@kccessmr.org,7
74,Alexandrine,Herman,vkovacek@kccessmr.net,1
75,Melvin,Farrell,russ.thompson@kccessmr.net,1
77,Ron,Jones,harber.sydni@kccessmr.com,5
78,Chesley,Kulas,rowland87@kccessmr.org,9
79,Ida,Watsica,abbey.kerluke@kccessmr.org,8
81,Keshawn,Toy,corbin.wunsch@kccessmr.org,3
82,Aisha,Turcotte,domenic.watsica@kccessmr.net,7
83,Donato,Reinger,pgleichner@kccessmr.com,7
84,Gilbert,Becker,mustafa98@kccessmr.com,4
85,Maybell,Cassin,cheyenne37@kccessmr.com,2
86,Estel,Windler,ykunze@kccessmr.com,6
87,Marie,Langworth,adah82@kccessmr.org,6
88,Augusta,Ortiz,ashly.haag@kccessmr.org,8
89,Ardella,Murray,jonathan92@kccessmr.net,9
93,Armani,Luettgen,kathryn49@kccessmr.com,5
94,Abigail,Donnelly,kbeier@kccessmr.org,7
95,Alessandro,Boehm,cordell03@kccessmr.net,6
96,Alessia,Aufderhar,alejandrin.bayer@kccessmr.com,5
98,Raleigh,Greenfelder,kelly13@kccessmr.org,4
99,Carrie,Breitenberg,jeromy.mayer@kccessmr.org,7
100,Stuart,Streich,rachelle.sipes@kccessmr.net,6
101,Emily,Davis,emily.davis@kccessmr.com,1
102,Michael,Brown,michael.brown@kccessmr.com,2
103,Sarah,Wilson,sarah.wilson@kccessmr.com,3
104,David,Johnson,david.johnson@kccessmr.com,4
105,Laura,Garcia,laura.garcia@kccessmr.com,5
106,James,Martinez,james.martinez@kccessmr.com,6
107,Sophia,Hernandez,sophia.hernandez@kccessmr.com,7
108,William,Lopez,william.lopez@kccessmr.com,8
109,Olivia,Gonzalez,olivia.gonzalez@kccessmr.com,9
110,Benjamin,Anderson,benjamin.anderson@kccessmr.com,10
111,Charlotte,Thomas,charlotte.thomas@kccessmr.com,11
112,Alexander,Taylor,alexander.taylor@kccessmr.com,12
113,Amelia,Moore,amelia.moore@kccessmr.com,13
114,Henry,Jackson,henry.jackson@kccessmr.com,14
115,Evelyn,White,evelyn.white@kccessmr.com,15
116,Mason,Harris,mason.harris@kccessmr.com,1
117,Isabella,Martin,isabella.martin@kccessmr.com,2
118,Elijah,Thompson,elijah.thompson@kccessmr.com,3
119,Mia,Garcia,mia.garcia@kccessmr.com,4
120,Lucas,Martinez,lucas.martinez@kccessmr.com,5
121,Ava,Rodriguez,ava.rodriguez@kccessmr.com,6
122,Jackson,Perez,jackson.perez@kccessmr.com,7
123,Scarlett,Davis,scarlett.davis@kccessmr.com,8
124,Sebastian,Gonzalez,sebastian.gonzalez@kccessmr.com,9
125,Harper,Anderson,harper.anderson@kccessmr.com,10
126,Matthew,Thomas,matthew.thomas@kccessmr.com,11
127,Luna,Taylor,luna.taylor@kccessmr.com,12
128,Jack,Moore,jack.moore@kccessmr.com,13
129,Ella,Jackson,ella.jackson@kccessmr.com,14
130,Oliver,White,oliver.white@kccessmr.com,15
