student_id,first_name,last_name,email,department_id
1001,Keon,Stiedemann,jesus80@gmail.com,6
1002,Chaya,Marvin,esmeralda53@yahoo.com,6
1003,Kiley,Osinski,qblock@yahoo.com,3
1004,Mona,O'Kon,willy.nienow@hotmail.com,2
1005,Andrew,Weimann,kamren19@gmail.com,8
1006,Ramon,Blick,verona.bogan@hotmail.com,5
1007,Mohammad,Hintz,amills@hotmail.com,7
1008,Rosetta,Altenwerth,grayson79@yahoo.com,7
1009,Willie,Bode,veum.laury@hotmail.com,2
1010,Trent,Dare,cvonrueden@hotmail.com,1
1011,Rahul,Rath,hgaylord@hotmail.com,9
1013,Carrie,Rempel,olin.nader@yahoo.com,8
1014,Jane,Schinner,connelly.kasey@yahoo.com,5
1015,Charity,Fadel,boehm.ashtyn@hotmail.com,1
1016,Audie,Effertz,kuvalis.hollis@yahoo.com,3
1017,Erna,Lebsack,sipes.dessie@gmail.com,4
1018,Daryl,Johns,stoltenberg.reese@gmail.com,9
1019,Raoul,Kihn,greenfelder.carrie@hotmail.com,8
1020,Thurman,Parisian,wwelch@hotmail.com,7
1021,Leonie,Hagenes,salvatore78@yahoo.com,3
1022,Montana,O'Hara,telly22@yahoo.com,5
1023,Tod,Kessler,hschimmel@yahoo.com,9
1024,Adrianna,Corwin,torphy.kiarra@yahoo.com,7
1025,Jace,Brakus,dereck.daniel@yahoo.com,4
1026,Adrianna,Kiehn,crist.lorna@gmail.com,7
1027,Monserrat,Jaskolski,micaela.ward@hotmail.com,3
1028,Lola,Legros,knicolas@hotmail.com,8
1029,Dimitri,Effertz,brekke.efren@gmail.com,7
1030,Boris,Brakus,don.lakin@gmail.com,7
1031,Merlin,Heidenreich,johanna.wisoky@hotmail.com,8
1032,Ebba,Ferry,jparker@yahoo.com,6
1033,Harrison,Crist,dratke@yahoo.com,6
1034,Adriana,Schultz,ideckow@yahoo.com,9
1035,Ceasar,Doyle,kemmer.piper@yahoo.com,8
1036,Mellie,Senger,josefa21@hotmail.com,7
1037,Favian,Kuhic,eauer@hotmail.com,7
1038,Sean,Stark,lbradtke@yahoo.com,4
1039,Martina,Schmidt,renner.rae@hotmail.com,1
1040,Yesenia,Hessel,gabbott@hotmail.com,2
1041,Norwood,Schumm,erica.hudson@hotmail.com,1
1042,Garett,Bechtelar,treutel.nichole@yahoo.com,9
1043,Stuart,Macejkovic,sauer.jerod@yahoo.com,3
1045,Jaren,Gislason,nstokes@yahoo.com,5
1046,Lucinda,Reinger,justine99@hotmail.com,9
1047,Reva,Hodkiewicz,michelle.quitzon@gmail.com,1
1049,Kaelyn,Graham,zackary01@gmail.com,2
1050,Hettie,Botsford,gibson.ray@yahoo.com,8
1051,Layne,Connelly,cfeeney@gmail.com,6
1052,Vincenza,Hane,francesca.daniel@gmail.com,6
1053,Myrtie,Baumbach,schimmel.jose@gmail.com,4
1054,Jerel,Jacobs,monahan.austen@gmail.com,4
1055,Jailyn,Turner,ikoss@gmail.com,3
1056,Beverly,Ebert,orie.kilback@gmail.com,5
1057,Emmitt,Bartoletti,ullrich.anastacio@gmail.com,7
1058,Enola,Schmidt,valentine.upton@yahoo.com,7
1060,Lottie,Denesik,bryana99@yahoo.com,3
1061,Yesenia,Daugherty,kbeahan@gmail.com,2
1062,Valerie,Price,thiel.jermain@yahoo.com,4
1063,Alf,Crooks,xcartwright@hotmail.com,2
1067,Isobel,Walker,kallie.kirlin@gmail.com,5
1068,Agnes,Roberts,serenity.gaylord@hotmail.com,6
1069,Deion,Braun,gleason.gabe@yahoo.com,2
1070,Lacy,Runte,sophie20@gmail.com,1
1071,Torrey,Rutherford,amalia.jast@hotmail.com,6
1072,Myron,Treutel,hoppe.john@gmail.com,9
1073,Corrine,Buckridge,zlubowitz@hotmail.com,1
1074,Joelle,Kozey,muller.jerel@hotmail.com,1
1075,Estel,Klocko,pete.murray@gmail.com,4
1076,Faye,Grant,uklocko@yahoo.com,4
1077,Wendy,Hoppe,jameson74@gmail.com,5
1078,Malinda,Schiller,rico.hyatt@gmail.com,5
1079,Darrick,O'Conner,dylan.beer@hotmail.com,4
1080,Claudine,Littel,ron.hills@gmail.com,4
1081,Rosendo,Mosciski,dudley.lesch@gmail.com,3
1082,Leola,Koelpin,hauck.thelma@hotmail.com,8
1083,Elias,Feest,jakob42@gmail.com,8
1084,Itzel,Hauck,metz.natasha@gmail.com,2
1085,Lacey,Dickens,carroll.glennie@gmail.com,6
1086,Kathleen,Marquardt,hhammes@gmail.com,6
1087,Sherman,Abernathy,wstamm@gmail.com,2
1088,Bethel,Glover,isabella.conn@hotmail.com,3
1089,Thora,McGlynn,sprohaska@gmail.com,5
1090,Houston,Corwin,xconroy@hotmail.com,1
1091,Felicia,Jakubowski,isabell65@gmail.com,3
1092,Rodger,Von,easton90@gmail.com,5
1093,Nona,Predovic,alford30@gmail.com,1
1094,Amelia,Jaskolski,kolby90@hotmail.com,4
1096,Agustina,Feest,kbalistreri@yahoo.com,7
1097,Flavio,VonRueden,hildegard05@hotmail.com,9
1098,Bobby,Douglas,willms.bart@gmail.com,1
1099,Freddy,Schowalter,loy.mcdermott@hotmail.com,7
1100,Amber,Okuneva,oturcotte@yahoo.com,3
1101,Joan,Bradtke,tomas60@yahoo.com,9
1102,Jaclyn,Mayert,crystal56@yahoo.com,3
1104,Lottie,Corwin,daphnee.koss@hotmail.com,3
1105,Percival,Russel,hansen.kay@hotmail.com,7
1106,Kendrick,Lind,nia23@gmail.com,5
1107,Roscoe,Labadie,schinner.bennie@yahoo.com,3
1108,Oral,O'Connell,gerhold.ryann@yahoo.com,7
1109,Joyce,Bogan,yryan@gmail.com,6
1110,Fred,Krajcik,abigale31@hotmail.com,5
1111,Theodora,Towne,velva.abbott@hotmail.com,3
1113,Claire,Hermiston,afeest@yahoo.com,9
1114,Zakary,Bernier,mbernier@hotmail.com,5
1115,Andres,Langosh,chester.goyette@hotmail.com,5
1116,Chelsie,Rowe,tara98@gmail.com,1
1118,Kamren,Volkman,lindsey.yundt@gmail.com,6
1119,Rory,Hermiston,zmraz@yahoo.com,6
1120,Katherine,Langworth,creola33@yahoo.com,3
1121,Mitchel,Hoeger,bria25@hotmail.com,7
1122,Keely,Simonis,ssimonis@gmail.com,7
1123,Hattie,Paucek,blowe@hotmail.com,3
1124,Bria,Gleichner,greyson11@gmail.com,4
1125,Leora,Kozey,cfahey@yahoo.com,6
1126,Jarred,Pagac,paolo.bernhard@yahoo.com,4
1128,Jamie,Ortiz,reichert.okey@gmail.com,2
1129,Stanley,Gaylord,ara85@gmail.com,3
1130,Lizzie,Fisher,weber.vincenzo@gmail.com,1
1131,Olin,Mraz,kuhn.kaylee@gmail.com,3
1132,Paolo,Buckridge,tbode@hotmail.com,7
1134,Serena,McKenzie,rowan57@gmail.com,5
1135,Shaun,Farrell,sawayn.jessika@yahoo.com,6
1136,Veda,Roob,steuber.gladys@gmail.com,6
1137,Kamille,Fay,chyna40@gmail.com,8
1138,Cleta,Gutmann,pstrosin@hotmail.com,4
1139,Reuben,Kulas,omann@hotmail.com,2
1140,Lelia,Little,bveum@hotmail.com,1
1141,Celestine,Carroll,ariane90@hotmail.com,6
1142,Angelica,Gleason,dbergnaum@hotmail.com,5
1143,Jameson,Harvey,bruce.swaniawski@gmail.com,8
1144,Yvette,Jakubowski,leannon.reynold@hotmail.com,7
1146,Augustine,Rempel,hdickens@gmail.com,7
1147,Brooklyn,Rath,rwaelchi@hotmail.com,1
1148,Mack,Schneider,pollich.ramiro@yahoo.com,4
1149,Kasey,Cormier,hmitchell@gmail.com,4
1150,Nora,Marquardt,hbernier@gmail.com,9
1151,Vilma,Nader,auer.crystel@yahoo.com,5
1152,Lilly,Langworth,rkrajcik@yahoo.com,4
1153,Asha,Weissnat,xreynolds@yahoo.com,1
1155,Ethan,Franecki,ignacio.schmidt@hotmail.com,8
1156,Jarred,Shields,cummerata.evalyn@hotmail.com,5
1157,Viva,Denesik,yprosacco@yahoo.com,9
1159,Madelynn,Bergnaum,maximillian.morissette@gmail.com,3
1160,Stefan,Durgan,cory48@hotmail.com,8
1161,Sister,Bailey,kuhlman.jermain@gmail.com,4
1162,Jonatan,Stracke,cristal.koepp@hotmail.com,1
1163,Fletcher,Lowe,jaden.greenfelder@yahoo.com,8
1164,Haylee,Cole,eheller@hotmail.com,8
1165,Sylvan,Considine,kulas.brant@yahoo.com,2
1167,Lindsey,Corwin,trinity13@hotmail.com,6
1168,Vida,Rodriguez,joan.hamill@yahoo.com,9
1169,Green,Herman,yhowe@hotmail.com,9
1170,Chasity,Gusikowski,florine79@yahoo.com,6
1171,Muhammad,McCullough,gwendolyn42@hotmail.com,6
1172,Freddy,McGlynn,o'hara.geovany@gmail.com,1
1173,Cara,Schmitt,katelyn59@yahoo.com,9
1174,Griffin,Kutch,daryl78@hotmail.com,7
1175,Reinhold,Dickens,durgan.orlando@yahoo.com,2
1176,April,Wehner,treutel.giovani@gmail.com,5
1177,Emerson,Johnson,jaskolski.alysha@yahoo.com,7
1178,Giles,Conroy,alice41@hotmail.com,4
1179,Lamar,West,thiel.bridie@hotmail.com,8
1180,Lizzie,Oberbrunner,wilma40@hotmail.com,8
1181,Haylee,Hilpert,lpfannerstill@hotmail.com,6
1183,Selmer,Brekke,rhoda24@hotmail.com,8
1184,Lilliana,O'Connell,aimee.senger@hotmail.com,2
1185,Haleigh,Thiel,stracke.libbie@hotmail.com,3
1186,Mac,Little,nikita41@hotmail.com,3
1187,Jaden,Crooks,qboyer@yahoo.com,7
1188,Stephanie,Hyatt,irowe@gmail.com,8
1191,Theron,Beahan,pcassin@hotmail.com,2
1192,Annalise,Huels,zborer@yahoo.com,7
1193,Devin,Collins,katlyn90@hotmail.com,4
1194,Nya,Wolf,dora.howell@hotmail.com,4
1195,Stephany,Herzog,verda.abbott@hotmail.com,3
1196,Regan,Ondricka,modesto.kris@gmail.com,4
1197,Lyric,Wiza,ihettinger@hotmail.com,3
1198,Zack,Reichert,giuseppe81@gmail.com,7
1199,Haskell,Hyatt,shanahan.lamont@hotmail.com,5
1200,Katrine,Hahn,weber.tatum@gmail.com,7
1201,Garret,Fadel,luna.lindgren@yahoo.com,8
1204,Christophe,Pagac,sanford.oceane@yahoo.com,1
1205,Darlene,Volkman,tristin18@gmail.com,4
1206,Adolphus,Lindgren,jaclyn44@hotmail.com,4
1207,Bradley,Schmitt,mdietrich@gmail.com,6
1208,Alivia,Schultz,goldner.jace@yahoo.com,5
1209,Ben,Fadel,angus.kris@gmail.com,3
1210,Shea,Kirlin,madalyn.erdman@yahoo.com,7
1212,Karine,Schumm,phermiston@hotmail.com,6
1213,Diego,Konopelski,gillian.schimmel@gmail.com,6
1214,Ida,Bartoletti,pat.schuppe@yahoo.com,2
1215,Otha,Roob,hermann.karolann@yahoo.com,6
1217,Betty,Nolan,rocio67@hotmail.com,6
1218,Roman,Pfannerstill,kailyn.wintheiser@gmail.com,3
1219,Aubrey,Ankunding,odie.quigley@gmail.com,3
1220,Andreane,Leuschke,carli.larson@hotmail.com,9
1221,Marion,Sanford,carson39@yahoo.com,1
1222,Vivianne,Ward,corwin.concepcion@gmail.com,6
1223,Furman,Russel,cassin.aubree@yahoo.com,1
1225,Magali,Streich,dallin61@yahoo.com,4
1226,Maurice,Christiansen,csanford@gmail.com,3
1228,Luna,Connelly,london68@gmail.com,9
1229,Wanda,Tromp,barrows.raoul@hotmail.com,1
1230,Amelie,Kris,treutel.freeda@yahoo.com,6
1231,Sibyl,Hegmann,rpfeffer@hotmail.com,8
1232,Nelle,Will,bell.cremin@yahoo.com,4
1233,Elisha,Watsica,eldon.walker@hotmail.com,4
1234,Alberta,Williamson,betty09@yahoo.com,1
1235,Hosea,Koss,zharber@hotmail.com,9
1236,Murray,Howe,eolson@yahoo.com,4
1238,Felicita,Koepp,emmet.mcglynn@gmail.com,5
1240,Dillan,Hills,claire39@hotmail.com,4
1241,Dewitt,Vandervort,orn.kelley@yahoo.com,6
1243,Finn,Larkin,west.meda@gmail.com,6
1244,Sabrina,Stehr,pablo81@gmail.com,6
1245,Brendon,Kris,bette.ruecker@hotmail.com,5
1246,Brant,Gutkowski,cooper98@hotmail.com,5
1247,Delmer,Wilderman,shanel15@hotmail.com,3
1248,Larue,Rau,walter.white@hotmail.com,9
1249,Kristoffer,Hoppe,athena.jakubowski@gmail.com,5
1250,Sienna,Marquardt,herzog.waino@yahoo.com,9
1251,Freeman,Muller,kdaugherty@gmail.com,6
1252,Lexus,Watsica,weldon.towne@hotmail.com,8
1253,Precious,Nikolaus,connelly.anthony@yahoo.com,1
1254,Eliseo,Jerde,tdare@gmail.com,3
1255,Dorian,Ryan,schneider.salvador@yahoo.com,5
1256,Ila,Wuckert,luther.gaylord@gmail.com,2
1257,Percy,Hills,marilyne.toy@yahoo.com,4
1258,Lelah,Mayer,ervin.lakin@yahoo.com,1
1259,Scotty,Bernhard,maggio.ryder@hotmail.com,7
1261,Arielle,Schmeler,rubie.bahringer@gmail.com,9
1262,Simone,Lynch,feil.ernesto@yahoo.com,8
1263,Sadye,Lockman,destin52@hotmail.com,3
1264,Hoyt,McCullough,aurelie.connelly@gmail.com,3
1265,Jessie,Bradtke,bode.gina@gmail.com,1
1266,Bonita,Hayes,keyon.tremblay@hotmail.com,3
1267,Jamir,Hartmann,dora.ondricka@gmail.com,3
1268,Kimberly,Boyle,ygorczany@gmail.com,2
1269,Jewell,Vandervort,schimmel.mabelle@gmail.com,7
1270,Donavon,Muller,santino.mraz@yahoo.com,5
1271,Ewald,Mayert,xgusikowski@gmail.com,4
1272,Kathleen,Murray,scasper@yahoo.com,9
1273,Chelsey,Shanahan,else63@hotmail.com,4
1274,Marco,Schaden,monahan.cheyanne@hotmail.com,6
1275,Darrion,Beahan,green32@gmail.com,1
1276,Edwardo,Volkman,jacobi.anderson@gmail.com,6
1277,Lucienne,Crona,alexys.schuster@gmail.com,5
1278,Karlie,Botsford,karlie37@yahoo.com,2
1279,Tara,Hagenes,korbin.trantow@gmail.com,8
1280,Josiane,Adams,grant.leora@yahoo.com,1
1282,Aletha,Brown,renner.aisha@hotmail.com,8
1283,Maida,Botsford,ihoeger@gmail.com,9
1284,Michel,Cruickshank,dzboncak@yahoo.com,1
1285,Anjali,Weimann,kilback.cicero@yahoo.com,6
1286,Adrain,Rosenbaum,merl37@yahoo.com,5
1287,Philip,Ritchie,jess31@gmail.com,9
1288,Dax,Torp,meagan24@gmail.com,6
1290,Deondre,Wiza,hegmann.diana@yahoo.com,4
1291,Arthur,Lemke,lockman.kathryne@yahoo.com,3
1292,Harold,Morar,kkutch@hotmail.com,4
1293,Braeden,Hackett,sbatz@yahoo.com,9
1294,Arvid,Ritchie,jon18@yahoo.com,7
1295,Marilyne,Cole,kling.kiarra@gmail.com,8
1296,Lottie,Gerhold,ydare@yahoo.com,3
1297,Mckenna,Wiza,jayde.hane@gmail.com,7
1298,Therese,Bins,alessandra.lindgren@hotmail.com,1
1299,Lucienne,Hickle,toney.casper@gmail.com,3
1300,Leon,Kutch,joanny04@hotmail.com,3
1301,Leonora,Nicolas,gleichner.kyra@hotmail.com,4
1302,Jerry,Gorczany,art.franecki@yahoo.com,5
1303,Arlene,Hahn,btremblay@yahoo.com,2
1304,Abagail,Hodkiewicz,kenyatta.walker@gmail.com,2
1305,Kaitlyn,Vandervort,raymond63@yahoo.com,4
1306,Amelia,Ernser,xlubowitz@gmail.com,8
1307,Murray,Glover,drew82@yahoo.com,1
1309,Myah,Botsford,towne.niko@gmail.com,1
1310,Elizabeth,Steuber,alexane11@yahoo.com,8
1311,Fabian,Shields,mallie.reynolds@yahoo.com,1
1312,Ariel,Oberbrunner,robert56@gmail.com,7
1313,Electa,Graham,rhoda.vonrueden@gmail.com,7
1314,Zola,Schowalter,sid49@gmail.com,2
1315,Gladyce,Kassulke,emmerich.enola@gmail.com,1
1316,Maynard,Nader,berneice.lesch@yahoo.com,7
1317,Diamond,Little,pierre41@yahoo.com,8
1318,Mitchel,Tromp,o'reilly.vita@hotmail.com,2
1319,Lisette,Schumm,gaylord.mariana@hotmail.com,2
1320,Arianna,Conroy,travis82@hotmail.com,4
1321,Willow,Mertz,grant.aileen@yahoo.com,1
1322,Percy,Grady,ullrich.clotilde@yahoo.com,9
1323,Dovie,Windler,katrine91@gmail.com,1
1324,Margarett,Tillman,boris82@hotmail.com,3
1325,Ramiro,Lockman,jaquan27@hotmail.com,6
1326,Ahmed,Kuvalis,gpadberg@gmail.com,1
1327,Roxanne,Wintheiser,dwolf@gmail.com,4
1328,Nathaniel,Schultz,ybrakus@yahoo.com,5
1329,Easton,Becker,toy.savannah@yahoo.com,7
1330,Jedediah,Kunze,jaron.cole@yahoo.com,6
1331,Roslyn,Dibbert,boyd.mueller@yahoo.com,1
1332,Wallace,Hoeger,angelina.conroy@hotmail.com,6
1333,Ayana,Kautzer,dayton.lynch@yahoo.com,5
1336,Eveline,Gerhold,victoria57@gmail.com,9
1341,Roy,Kuhic,sporer.skyla@hotmail.com,7
1342,Emelia,Waelchi,kathryn59@gmail.com,8
1343,Laila,D'Amore,jbergstrom@gmail.com,9
1344,Noel,Kunze,darion20@gmail.com,6
1345,Kenyatta,Swift,mmertz@gmail.com,6
1346,Milan,Prosacco,reagan94@hotmail.com,6
1347,Eva,Bashirian,stroman.willis@gmail.com,8
1349,Jaida,Pagac,clementine05@hotmail.com,5
1350,Hillary,Heathcote,clark15@yahoo.com,5
1351,Earl,Roberts,dolores88@gmail.com,1
1352,Addie,Hauck,mackenzie.mayer@hotmail.com,2
1353,Eleanora,Orn,yost.jewel@gmail.com,6
1354,Marian,DuBuque,sawayn.frederic@yahoo.com,7
1355,Tyson,Rogahn,obradtke@hotmail.com,5
1358,Macy,Glover,strosin.ford@yahoo.com,4
1359,Kristofer,Cruickshank,batz.arvel@yahoo.com,8
1360,Leann,Feeney,efranecki@hotmail.com,3
1361,Amya,Pollich,serenity.hermiston@gmail.com,3
1362,Moriah,Jaskolski,ymoen@hotmail.com,4
1363,Domenick,Konopelski,dubuque.marguerite@gmail.com,5
1364,Rita,Reynolds,zsanford@hotmail.com,5
1365,Kory,O'Connell,lucienne.bruen@hotmail.com,1
1366,Nichole,Lowe,fgoodwin@yahoo.com,1
1368,Trevion,Abbott,hartmann.berenice@gmail.com,5
1369,Reginald,Grimes,malachi98@hotmail.com,3
1370,Mazie,Paucek,cremin.shanny@hotmail.com,2
1371,Joannie,Kertzmann,frederic68@yahoo.com,4
1372,Kyleigh,Larkin,reese79@hotmail.com,1
1373,Marisa,Fisher,trantow.karianne@gmail.com,8
1374,Dorcas,Bradtke,armstrong.halie@gmail.com,8
1375,Shayna,Hartmann,aschaden@gmail.com,3
1376,Liliana,Zieme,ritchie.percy@hotmail.com,9
1377,Ezequiel,Swift,lyda72@gmail.com,1
1378,Diego,O'Keefe,cydney04@hotmail.com,9
1379,Kellie,Hauck,kevon08@yahoo.com,6
1380,Gisselle,Wisoky,davion.effertz@yahoo.com,3
1382,Enoch,Koelpin,rachelle.bashirian@hotmail.com,1
1383,Orlo,Leuschke,vandervort.danika@hotmail.com,3
1384,Sam,Boehm,casimir.tillman@hotmail.com,1
1385,Casimer,Cruickshank,doyle.theodora@hotmail.com,6
1386,Marlon,Zulauf,francis97@hotmail.com,2
1387,Broderick,Blanda,nschulist@hotmail.com,3
1389,Loma,Denesik,moises53@gmail.com,7
1390,Rex,Windler,zboncak.jocelyn@gmail.com,2
1391,Marianne,Bruen,kozey.moshe@yahoo.com,9
1392,Junius,Stiedemann,deondre.howe@yahoo.com,6
1393,Samanta,Fay,sandra78@gmail.com,9
1394,Zoe,Schiller,bill81@yahoo.com,1
1395,Lester,Schimmel,hettinger.nasir@hotmail.com,3
1396,Laurie,Daniel,merdman@yahoo.com,7
1397,Rafael,Kub,louvenia.stark@hotmail.com,8
1398,Rhiannon,Bartoletti,feeney.jannie@yahoo.com,3
1399,Caterina,Barrows,devante51@hotmail.com,8
1400,Lupe,Reinger,lbosco@yahoo.com,5
1402,Carleton,Waters,deven24@hotmail.com,4
1403,Jayne,Ledner,ikoelpin@hotmail.com,4
1404,Arvel,Konopelski,brody.stiedemann@gmail.com,3
1405,Craig,Windler,uemmerich@hotmail.com,3
1406,Marion,Rice,newell80@yahoo.com,3
1407,Burdette,Klocko,olson.chelsie@hotmail.com,2
1408,Angel,Legros,elian.klocko@hotmail.com,3
1409,Elizabeth,Shields,elsie19@hotmail.com,5
1410,Chelsie,Miller,dooley.yesenia@gmail.com,6
1411,Camila,Larson,rogahn.helena@gmail.com,7
1412,Marilyne,Beatty,rbergnaum@yahoo.com,3
1413,Rocky,Walsh,padberg.haley@hotmail.com,6
1414,Cloyd,Green,elody87@hotmail.com,8
1415,Eloy,Stiedemann,nchristiansen@hotmail.com,6
1416,Humberto,Schroeder,camren.bartoletti@hotmail.com,6
1417,Ed,Nolan,hollis.bartoletti@hotmail.com,3
1418,Otha,Emard,judy.terry@yahoo.com,2
1419,Lucas,Schinner,xzavier44@hotmail.com,6
1420,Brad,Sporer,era63@hotmail.com,8
1421,Krystal,Dare,natalie09@yahoo.com,8
1422,Dorthy,Dietrich,mccullough.payton@gmail.com,1
1423,Eloise,Aufderhar,huels.brandyn@yahoo.com,6
1425,Davon,Sanford,douglas.ebony@gmail.com,1
1427,Verdie,Gutkowski,amir57@gmail.com,7
1428,Jules,O'Hara,ytorphy@yahoo.com,9
1429,Alexane,Rippin,ibrahim81@hotmail.com,1
1430,Mallie,O'Keefe,sstiedemann@yahoo.com,8
1433,Alberto,Shields,whintz@hotmail.com,8
1434,Maya,Nader,isenger@hotmail.com,9
1435,Devonte,Ankunding,uratke@hotmail.com,3
1436,Graham,Schinner,lura.schiller@hotmail.com,9
1437,Cecilia,Brakus,ernest82@hotmail.com,3
1438,Thalia,Greenholt,josiah.klein@hotmail.com,9
1439,Betsy,Braun,elarson@gmail.com,5
1440,Markus,Gaylord,bernhard.chanelle@gmail.com,8
1441,Katelynn,Ledner,kellie65@hotmail.com,5
1442,Rebeca,O'Connell,owen66@yahoo.com,5
1443,Penelope,Hansen,taufderhar@hotmail.com,9
1444,Kristin,Hilpert,mschoen@yahoo.com,1
1445,Preston,Mertz,bria11@hotmail.com,4
1446,Reyna,Dooley,crist.uriah@hotmail.com,8
1447,Marty,Deckow,pat42@yahoo.com,6
1448,Keyon,Bartoletti,kaden77@gmail.com,3
1449,Carmela,Toy,audra23@yahoo.com,3
1450,Alice,Adams,icollier@yahoo.com,9
1453,Candace,Reichel,caterina.hills@yahoo.com,7
1454,Conner,Botsford,danielle.thiel@gmail.com,8
1455,Russell,O'Hara,bauch.phoebe@gmail.com,3
1456,Matteo,Schaden,alford19@gmail.com,7
1457,Sincere,Keeling,ustroman@gmail.com,7
1458,Frieda,Friesen,tweber@hotmail.com,9
1459,Marques,Little,fbalistreri@hotmail.com,3
1460,Hiram,Schinner,rodriguez.kaley@yahoo.com,2
1462,Johnny,Weissnat,gheathcote@yahoo.com,1
1463,Alden,Kutch,zora18@yahoo.com,4
1464,Eugenia,Bradtke,krunte@hotmail.com,2
1465,Jevon,Kshlerin,albin.rohan@gmail.com,5
1467,Tiffany,Wintheiser,luettgen.cecilia@yahoo.com,3
1468,Amelia,Baumbach,imelda11@gmail.com,9
1469,Weldon,Weissnat,maudie17@yahoo.com,7
1470,Vicky,Abshire,jerrell.larson@hotmail.com,3
1471,Gabriella,Witting,schultz.stephany@yahoo.com,1
1472,Aracely,Paucek,jared40@gmail.com,3
1473,Lia,Hermiston,lizzie64@gmail.com,8
1474,Lillian,Swift,schroeder.eric@hotmail.com,1
1475,Abdiel,Wolf,hdibbert@gmail.com,2
1476,Nina,Smitham,stark.mossie@gmail.com,7
1477,Lavinia,Fritsch,carter.joanny@gmail.com,1
1480,Kelsie,Carroll,grant.freeda@hotmail.com,7
1481,Tatum,Leannon,bernardo92@yahoo.com,2
1482,Viviane,Herzog,qgraham@hotmail.com,2
1483,Remington,Kessler,jaime.haley@gmail.com,7
1484,Agustina,Dooley,bradly21@gmail.com,7
1485,Augusta,Beahan,rempel.tyree@yahoo.com,4
1486,Raheem,Kling,xavier.kris@hotmail.com,7
1487,Scarlett,Flatley,pasquale.lubowitz@gmail.com,2
1488,Ellie,Okuneva,rau.kennedy@yahoo.com,8
1489,Eveline,Bednar,gwatsica@yahoo.com,1
1490,Jany,Feest,devon10@yahoo.com,9
1491,Alden,Trantow,dnitzsche@hotmail.com,8
1492,Odie,Yundt,pterry@gmail.com,1
1493,Chelsea,Gottlieb,velma56@hotmail.com,8
1494,Ryleigh,Hegmann,ystroman@hotmail.com,6
1495,Lupe,Donnelly,nhartmann@gmail.com,7
1496,Freddy,Howell,streich.camilla@gmail.com,8
1497,Tamia,Robel,arjun.waelchi@gmail.com,9
1498,Jeffry,Hane,theodore98@gmail.com,7
1499,Lenny,Kemmer,nader.theresa@gmail.com,6
1500,Everardo,Lynch,jermain.runolfsson@gmail.com,6
1501,Destinee,Reichel,thurman18@gmail.com,9
1502,Madonna,Grady,jon38@hotmail.com,3
1504,Eldridge,Mohr,fdicki@yahoo.com,8
1505,Ian,Hermann,destany.dicki@yahoo.com,9
1506,Abigayle,Sawayn,amohr@gmail.com,6
1507,Hassan,Streich,tlebsack@gmail.com,3
1508,Isidro,Crist,murphy.leanna@hotmail.com,4
1509,Rudy,Stanton,elta04@hotmail.com,4
1510,Delpha,Crooks,ray.gleichner@gmail.com,8
1511,Suzanne,Prohaska,o'kon.hiram@gmail.com,9
1512,Kade,Beatty,tessie26@gmail.com,7
1513,Jermaine,Barrows,mollie.kuvalis@gmail.com,7
1514,Libbie,Walsh,vschmitt@yahoo.com,6
1515,Marisol,Lubowitz,wdaniel@gmail.com,1
1516,Kathryne,Gislason,lmertz@yahoo.com,9
1517,Ransom,Crist,heaven89@gmail.com,2
1519,Gerardo,Paucek,pmonahan@hotmail.com,5
1520,Arlie,Orn,eugene.luettgen@hotmail.com,5
1521,Jaren,Rempel,reyes30@hotmail.com,2
1522,Arno,Macejkovic,kolby.quigley@hotmail.com,7
1523,Lynn,McClure,iliana.turcotte@yahoo.com,8
1525,Kobe,Paucek,mervin78@hotmail.com,7
1526,Zakary,Ruecker,gino.mann@hotmail.com,8
1527,Jerry,Lindgren,owolff@gmail.com,5
1528,Hudson,Powlowski,troy34@yahoo.com,2
1529,Rhianna,Hoeger,murphy.cleta@hotmail.com,6
1530,Damian,Kautzer,loma70@hotmail.com,9
1531,Shayna,Upton,o'reilly.jess@gmail.com,8
1532,Eleonore,Mitchell,bryon65@hotmail.com,3
1534,Aurelia,Gottlieb,alysa43@yahoo.com,1
1535,Lorna,Wolf,providenci.labadie@hotmail.com,1
1536,Ferne,Shanahan,chayes@yahoo.com,2
1537,Aryanna,Vandervort,reece.brown@yahoo.com,8
1538,Amalia,Bosco,reynolds.wallace@yahoo.com,2
1539,Deangelo,Towne,agnes.zieme@yahoo.com,8
1540,Annamarie,Pacocha,lavina.schmidt@gmail.com,1
1541,Lorna,Howe,elissa.hilll@yahoo.com,4
1542,Viola,Ullrich,lauretta.trantow@gmail.com,5
1543,Ashly,Hoeger,florian.hand@yahoo.com,7
1544,Erick,Torp,ihartmann@yahoo.com,9
1545,Fiona,Dibbert,domenick80@gmail.com,8
1546,Gerald,Kovacek,tom66@gmail.com,7
1547,Bernardo,Schuster,rickey.kuphal@gmail.com,3
1548,Lucy,Emmerich,grimes.gerard@hotmail.com,9
1549,Dortha,Kemmer,robel.micah@yahoo.com,8
1550,Franz,Stanton,mackenzie60@hotmail.com,7
1552,Karine,Grady,pearlie16@gmail.com,3
1555,Ardith,Weber,albertha00@hotmail.com,2
1556,Quinten,Hills,judah.wisoky@yahoo.com,4
1557,Raoul,Jacobs,pmitchell@gmail.com,1
1558,Callie,Olson,ubuckridge@hotmail.com,1
1559,Carol,Gleason,florida.grant@yahoo.com,9
1560,Ryann,Donnelly,declan.block@hotmail.com,9
1561,Virgie,Rippin,moses75@yahoo.com,1
1562,Jaqueline,Hirthe,pollich.betsy@gmail.com,9
1563,Amani,Murazik,lyric.morissette@yahoo.com,3
1564,Camille,Marquardt,rthompson@yahoo.com,8
1565,Milton,Yost,waters.burley@yahoo.com,8
1566,Ulices,Bins,loma.kunze@hotmail.com,9
1567,Malika,Schumm,harber.loma@yahoo.com,4
1568,Olin,Emard,hand.allen@gmail.com,9
1569,Khalid,Kemmer,jadyn.keebler@gmail.com,5
1570,Cecil,Walter,vesta27@gmail.com,7
1571,Olen,Ritchie,walter.zemlak@gmail.com,8
1572,Nathan,Jaskolski,muller.miguel@hotmail.com,6
1573,Zechariah,Rutherford,brian.bashirian@hotmail.com,5
1574,Tressie,Nader,hand.florencio@hotmail.com,4
1575,Retha,Heller,lavonne88@yahoo.com,4
1576,Ethan,Langosh,gnienow@yahoo.com,7
1577,Donnell,Halvorson,modesta.reilly@hotmail.com,9
1578,Jacinto,Runolfsson,wlehner@hotmail.com,5
1579,Jeffry,Veum,paolo87@yahoo.com,6
1580,Markus,Anderson,frederik59@yahoo.com,6
1581,Tyrique,Eichmann,daisy.kulas@hotmail.com,2
1582,Macy,Beatty,tdicki@yahoo.com,9
1583,Mackenzie,Borer,jaqueline.reynolds@yahoo.com,1
1585,Loraine,O'Kon,hane.dakota@yahoo.com,7
1586,Alysson,Altenwerth,lynn.mayer@gmail.com,4
1587,Oral,Gutmann,tyler12@yahoo.com,4
1588,Deshaun,Koelpin,gerda.dibbert@hotmail.com,8
1589,Katelin,Conn,roxane.bode@gmail.com,6
1590,Kristin,Cassin,beryl.metz@hotmail.com,1
1591,Leilani,Ledner,eklocko@yahoo.com,7
1592,Dejon,Reinger,jboyle@yahoo.com,6
1593,Braulio,Hamill,schuyler.skiles@hotmail.com,1
1594,Christop,Bartoletti,xcronin@hotmail.com,6
1595,Mariam,Gusikowski,edythe43@yahoo.com,2
1596,Bernard,Kozey,winston.heathcote@yahoo.com,7
1597,Rolando,Wolff,cecile97@gmail.com,3
1598,Aida,Morar,dswift@gmail.com,4
1599,Turner,Considine,rodrick93@yahoo.com,9
1600,Myrtice,Feeney,trantow.loraine@hotmail.com,7
1603,Isabelle,Reilly,janessa33@yahoo.com,2
1604,Ethelyn,Harber,d'amore.carson@gmail.com,9
1606,Arne,Larson,felix.cassin@yahoo.com,7
1608,Mario,Murray,bogan.adolfo@yahoo.com,8
1609,Erling,Bogisich,kasandra81@hotmail.com,3
1610,Roman,Witting,zbalistreri@yahoo.com,1
1611,Leo,Dicki,gaetano.batz@yahoo.com,4
1613,Krystal,Howe,pierre.gaylord@yahoo.com,9
1614,Ezequiel,Olson,blaze63@hotmail.com,7
1615,Faustino,Adams,roger43@gmail.com,8
1616,Rodrigo,Renner,ondricka.fausto@hotmail.com,6
1618,Grover,Nikolaus,keshawn.littel@gmail.com,3
1619,Gaston,Roob,qwalker@yahoo.com,6
1620,Oscar,Nicolas,casper.braxton@yahoo.com,5
1621,Dewitt,Schumm,angelina.rosenbaum@yahoo.com,3
1622,Thelma,Parker,wkoepp@yahoo.com,3
1623,Kayden,King,cecilia.waters@gmail.com,2
1625,Terrance,Davis,bratke@gmail.com,3
1626,Zoe,Toy,fisher.cristina@hotmail.com,2
1627,Shany,Dickens,pdeckow@gmail.com,3
1628,Bessie,Schiller,crooks.annabelle@yahoo.com,4
1629,Harold,Veum,andreane25@hotmail.com,7
1630,Judge,Lesch,jpowlowski@gmail.com,1
1632,Sammie,Grady,aracely.streich@gmail.com,3
1633,Tyson,Rowe,denesik.georgianna@gmail.com,2
1634,Berry,Orn,gene.runolfsson@yahoo.com,8
1635,Karelle,Gorczany,jeremie06@gmail.com,5
1636,Deon,Runolfsson,frida75@yahoo.com,6
1637,Osbaldo,Crooks,yrunolfsdottir@yahoo.com,3
1639,Jazmyne,Marquardt,hartmann.blanche@gmail.com,2
1640,Derick,Stoltenberg,glover.mathilde@gmail.com,1
1641,Wilfredo,Renner,kassulke.ricardo@hotmail.com,9
1642,Leonor,Toy,harvey.bednar@gmail.com,2
1643,Wilma,Swaniawski,sherman84@yahoo.com,2
1644,Cierra,Runolfsson,terrence56@hotmail.com,9
1645,Eulalia,Watsica,mconn@gmail.com,7
1646,Lenora,Kessler,jonathan11@yahoo.com,1
1647,Freida,Zboncak,antonio.swift@yahoo.com,2
1649,Claudine,Smitham,sierra58@hotmail.com,4
1650,Lon,Medhurst,paula97@hotmail.com,4
1651,Kobe,Feest,pkoepp@yahoo.com,1
1653,Era,Ebert,rowena89@hotmail.com,2
1654,Elise,Larkin,tromp.laverne@hotmail.com,7
1655,Joshua,Daniel,anderson.soledad@yahoo.com,3
1656,Demario,Lesch,hsimonis@hotmail.com,3
1657,Hildegard,Wisozk,kweimann@gmail.com,5
1658,Audie,Zemlak,gulgowski.citlalli@yahoo.com,5
1659,Jamar,Rohan,eunice85@hotmail.com,7
1660,Dennis,Mraz,fadel.arthur@yahoo.com,1
1661,Chet,Harvey,dare.rhiannon@gmail.com,5
1662,Queenie,Hand,ymertz@gmail.com,9
1663,Leta,Funk,elena.doyle@gmail.com,7
1664,Virgie,Heathcote,wlang@hotmail.com,3
1665,Jamarcus,Glover,jtoy@hotmail.com,6
1667,Autumn,Spencer,nupton@hotmail.com,2
1668,Frank,Raynor,schroeder.noah@yahoo.com,4
1669,Anya,Kutch,eichmann.jaylen@gmail.com,5
1670,Daphne,Koss,tyson.greenholt@gmail.com,7
1671,Elisa,Hand,howard.brown@hotmail.com,8
1672,Bonita,Walsh,tspinka@gmail.com,2
1673,Electa,McKenzie,opal.hegmann@gmail.com,8
1675,Deonte,Heaney,bwillms@hotmail.com,8
1676,Augusta,Wuckert,hermann.zaria@yahoo.com,4
1677,Ollie,Hirthe,feeney.ava@yahoo.com,7
1678,Garret,Bruen,green.roderick@hotmail.com,9
1679,Demarcus,Orn,maiya.o'kon@gmail.com,8
1680,Cassandre,Braun,o'kon.noel@hotmail.com,1
1681,Shyann,Klocko,arely.schimmel@gmail.com,9
1682,Ernestina,Waters,zdouglas@gmail.com,3
1683,Pearline,Bergstrom,ubashirian@hotmail.com,6
1684,Erwin,Mohr,issac51@gmail.com,5
1686,Clementina,Robel,leonor.goldner@yahoo.com,1
1687,Brando,Altenwerth,brayan.bruen@gmail.com,2
1689,Houston,Eichmann,gillian13@hotmail.com,4
1690,Lila,Johnson,bergnaum.evangeline@gmail.com,1
1691,Evert,Prohaska,yhermiston@gmail.com,4
1692,Felix,Feest,bobbie.heidenreich@yahoo.com,2
1693,Aric,Wilderman,co'hara@hotmail.com,8
1694,Collin,Witting,batz.richard@gmail.com,3
1695,Zackary,Gutkowski,bode.naomi@yahoo.com,2
1696,Samir,Bruen,arjun81@gmail.com,9
1697,Eli,Lebsack,eladio70@gmail.com,2
1698,Ahmad,Hirthe,mmacejkovic@gmail.com,7
1699,Jazmyn,Kuhn,bertram96@hotmail.com,6
1700,Ted,Stokes,gaylord.hilario@yahoo.com,6
1701,Guiseppe,Langworth,bud82@hotmail.com,5
1703,Eve,Runolfsson,frami.jairo@gmail.com,1
1704,Dorothea,Cruickshank,cathryn.crooks@gmail.com,4
1705,Karina,Watsica,mcdermott.florence@yahoo.com,3
1707,Gino,Kris,hkub@yahoo.com,7
1708,Sven,Mante,eskiles@hotmail.com,5
1709,Conrad,O'Kon,vprosacco@hotmail.com,8
1710,Thelma,Weissnat,chloe81@gmail.com,1
1712,Neva,Von,douglas.pearlie@yahoo.com,7
1713,Christian,Feil,kohler.magdalen@gmail.com,1
1714,Rhiannon,Bahringer,valentin.wolf@gmail.com,6
1715,Billie,Aufderhar,schultz.celine@gmail.com,4
1716,Shayne,Hansen,ross.schaden@hotmail.com,6
1717,Danial,Kirlin,dedrick.kreiger@yahoo.com,9
1718,Eve,Krajcik,eliane85@yahoo.com,3
1719,Mike,Wilkinson,davonte.funk@hotmail.com,1
1720,Howell,Gulgowski,mkoepp@hotmail.com,4
1721,Aiden,Kessler,ehomenick@yahoo.com,6
1722,Maryam,O'Hara,hickle.joel@gmail.com,9
1723,Tillman,Beatty,kgreen@gmail.com,6
1724,Claud,Jacobs,lorna28@hotmail.com,7
1725,Chesley,Veum,anahi.gerhold@hotmail.com,2
1726,Bart,Schinner,rolfson.jairo@yahoo.com,7
1727,Demetris,Senger,chance79@hotmail.com,7
1728,Brown,Windler,morar.kailey@hotmail.com,1
1729,Garrison,Schmidt,noe.grady@yahoo.com,3
1730,Jakob,Jast,felicia.goodwin@hotmail.com,7
1731,Alexandrea,Green,maegan.brakus@gmail.com,1
1732,Nannie,Tromp,vtillman@hotmail.com,2
1733,Bart,Lueilwitz,akuphal@gmail.com,3
1734,Fermin,Goldner,erussel@yahoo.com,3
1736,Sydni,Stokes,cronin.susan@hotmail.com,8
1737,Raheem,Langworth,wblanda@yahoo.com,3
1738,Rylan,Stanton,nsporer@yahoo.com,7
1739,Norwood,Miller,kaia.abshire@yahoo.com,1
1740,Cierra,Ebert,fisher.domenico@hotmail.com,8
1741,Graciela,Jakubowski,hane.frederik@yahoo.com,1
1742,Alexandrine,Armstrong,shuel@yahoo.com,7
1743,Darian,Shields,cristina85@gmail.com,9
1744,Ambrose,Bayer,chelsie97@hotmail.com,2
1745,Morton,Ferry,alessia04@hotmail.com,9
1746,Ida,Mraz,leta53@gmail.com,9
1747,Elenor,Wiza,alivia86@gmail.com,3
1749,Aida,Mitchell,jalen01@gmail.com,1
1750,Breana,Mitchell,gwyman@hotmail.com,6
1751,Vito,Murphy,zita95@yahoo.com,5
1752,Nicholas,Predovic,considine.leanne@hotmail.com,3
1754,Luciano,Robel,reid86@hotmail.com,9
1755,Nathanial,Prosacco,arch41@yahoo.com,4
1756,Cheyenne,Gleichner,mohr.madonna@gmail.com,9
1757,Arielle,Glover,kaylin30@hotmail.com,7
1758,Jaida,Grady,daufderhar@yahoo.com,4
1759,Eldred,Fritsch,kuphal.derick@gmail.com,2
1760,Jamil,Considine,denis40@gmail.com,6
1762,Kennedi,Purdy,georgette58@gmail.com,6
1764,Margarita,Shanahan,reta.altenwerth@hotmail.com,3
1765,Gonzalo,Dietrich,brionna41@yahoo.com,7
1766,Alexandre,DuBuque,kris.joanny@hotmail.com,4
1767,Levi,Ryan,denesik.sylvester@gmail.com,4
1768,Maiya,Boyle,jane.hansen@hotmail.com,8
1769,Rudy,Rodriguez,ewald.cronin@yahoo.com,7
1770,Elissa,Mills,stark.uriah@hotmail.com,5
1771,Bryce,Gleason,gibson.rosemary@yahoo.com,3
1772,Peyton,Kutch,oberbrunner.keagan@gmail.com,2
1773,Savannah,Lehner,olson.vincenza@yahoo.com,6
1774,Justice,Price,batz.judson@hotmail.com,3
1775,April,Konopelski,destinee07@yahoo.com,7
1776,Benjamin,Cremin,ward.breana@yahoo.com,2
1777,Orlando,Schowalter,becker.dominic@yahoo.com,4
1778,Katlyn,Osinski,gschuppe@gmail.com,5
1779,Aurore,Koch,curtis68@yahoo.com,5
1781,Gwendolyn,Kuhic,ybartell@yahoo.com,3
1782,Nola,Spinka,jbradtke@yahoo.com,1
1783,Ramona,Baumbach,wilkinson.macy@yahoo.com,2
1784,Lilla,Christiansen,dcrona@gmail.com,1
1785,Vaughn,Davis,ramon.mann@gmail.com,8
1786,Tiana,Will,helen99@gmail.com,6
1787,Liliana,Walter,bkuvalis@gmail.com,7
1788,Kadin,Grady,thelma59@yahoo.com,5
1789,Lonie,Witting,alisa.o'reilly@yahoo.com,6
1790,Larry,Kutch,lorenza.gorczany@yahoo.com,8
1791,Destany,Murphy,henderson05@gmail.com,1
1792,Jerrell,Fahey,braun.geraldine@hotmail.com,1
1793,Leola,Bradtke,effertz.maryse@hotmail.com,2
1794,Darrion,Bashirian,cwillms@gmail.com,8
1795,Brenna,Ritchie,vicky.zulauf@gmail.com,9
1796,Natalia,Dach,ugrimes@gmail.com,9
1797,Fabiola,Mraz,okuneva.leland@gmail.com,3
1798,Rafaela,White,gabriel09@yahoo.com,3
1799,Wilford,Schuppe,mertie.weimann@hotmail.com,3
1800,Makenzie,Dooley,nschmeler@gmail.com,3
1801,Adela,Mraz,frances.lemke@hotmail.com,8
1802,Colleen,Haley,alvena.nicolas@gmail.com,9
1803,May,Bode,floy.nader@yahoo.com,2
1804,Aisha,Runolfsdottir,boyer.christa@yahoo.com,2
1805,Annetta,Funk,hardy85@hotmail.com,6
1806,Carlo,Hammes,dgleason@hotmail.com,8
1807,Ernestine,Krajcik,zboncak.winston@hotmail.com,2
1808,Keely,Mann,cbashirian@yahoo.com,1
1809,Ernestina,Parker,block.maggie@yahoo.com,9
1810,Jett,Prosacco,emayer@hotmail.com,9
1811,Reanna,Price,leone35@hotmail.com,2
1813,Fabian,Cummerata,ronny.hartmann@hotmail.com,5
1814,Leatha,Larson,conn.margret@yahoo.com,7
1815,Omer,Wisozk,strosin.kristin@hotmail.com,8
1816,Cierra,Schiller,feil.brielle@hotmail.com,5
1817,Cynthia,Klocko,arturo40@hotmail.com,6
1818,Elnora,Murphy,renner.brionna@hotmail.com,5
1819,Jensen,Hansen,gabriella87@yahoo.com,2
1820,Kobe,Ortiz,cstreich@hotmail.com,1
1821,Cecelia,Hand,lockman.leo@hotmail.com,7
1822,Bud,Lubowitz,berge.ubaldo@hotmail.com,7
1823,Kody,Beier,matilde68@gmail.com,5
1824,Verla,Cronin,linnie15@gmail.com,1
1826,Raquel,VonRueden,icie76@hotmail.com,7
1827,Carroll,Gutkowski,bboyle@gmail.com,8
1828,Reba,Conroy,hyman16@yahoo.com,2
1829,Eliane,Howe,alvera.wilderman@gmail.com,3
1830,Columbus,VonRueden,znolan@hotmail.com,5
1831,Stephanie,Lehner,ezra64@yahoo.com,3
1832,Gus,Lemke,lilly.kuhlman@hotmail.com,5
1833,Marjory,Huel,benjamin43@yahoo.com,7
1834,Letha,Hand,xschimmel@gmail.com,1
1835,Kiana,Toy,velma78@hotmail.com,6
1836,Demarcus,Kihn,cheyenne.collier@hotmail.com,4
1837,Raven,Rosenbaum,dspencer@yahoo.com,2
1838,Myles,Witting,gisselle72@hotmail.com,6
1839,Matilda,Murazik,cwilliamson@hotmail.com,9
1840,Warren,Kohler,hazle.wehner@gmail.com,7
1841,Chadd,Nienow,o'keefe.tina@gmail.com,2
1842,Cassie,Turner,bruen.tianna@yahoo.com,6
1843,Cyrus,Hilpert,ronny.herman@gmail.com,7
1844,Jesse,Kautzer,lhirthe@yahoo.com,4
1845,Brock,Kub,veronica.schowalter@gmail.com,3
1846,Morgan,Kutch,dkoepp@hotmail.com,5
1847,Kristoffer,Tillman,langworth.prudence@hotmail.com,6
1848,Thad,Medhurst,sboehm@gmail.com,9
1849,Maia,McLaughlin,mckayla00@gmail.com,2
1851,Roderick,Rutherford,minerva82@gmail.com,4
1852,Rey,Wilderman,willms.gudrun@yahoo.com,1
1853,Laura,Walsh,feeney.nakia@yahoo.com,5
1854,Kyleigh,Ferry,miller.kasey@gmail.com,7
1855,Xavier,Medhurst,lkoelpin@gmail.com,6
1856,Ashtyn,Maggio,wayne17@gmail.com,9
1857,Maye,Kemmer,lonny83@yahoo.com,7
1858,Abe,Reinger,lemke.juston@gmail.com,6
1859,Hilda,Walsh,kristoffer.reichert@yahoo.com,9
1860,Darion,Harvey,schowalter.zane@hotmail.com,9
1861,Aileen,Dach,nikolaus.nicole@gmail.com,6
1862,Jonathan,Franecki,kayley19@gmail.com,9
1863,Rick,Reinger,jconnelly@yahoo.com,2
1864,Mavis,Emard,mrobel@hotmail.com,6
1865,Emmanuelle,Pfeffer,rey17@gmail.com,5
1866,Ernesto,Dickinson,garrett79@yahoo.com,3
1867,Precious,Ankunding,lemke.carroll@hotmail.com,4
1869,Kaleb,Tremblay,pauline.collins@yahoo.com,7
1870,Estella,Cronin,drake95@gmail.com,1
1871,Imelda,Mayer,tatum56@gmail.com,4
1872,Thora,Robel,torey69@gmail.com,2
1873,Corrine,Boyer,o'conner.gabrielle@gmail.com,3
1875,Petra,Lowe,kuhn.joy@hotmail.com,3
1876,Rahsaan,Jaskolski,berenice.zemlak@gmail.com,3
1877,Albert,Hegmann,jovanny30@hotmail.com,7
1878,Marisa,Reinger,ahaag@yahoo.com,4
1879,August,Waters,estrella.rau@hotmail.com,9
1880,Wava,Wiza,lizzie94@hotmail.com,9
1881,Claudia,Marks,esteban21@yahoo.com,9
1882,Chase,Pagac,destin55@gmail.com,7
1883,Kacie,Kemmer,bbernhard@yahoo.com,2
1884,Gabrielle,Kuhn,padberg.archibald@gmail.com,6
1885,Damien,Gottlieb,berneice01@hotmail.com,8
1886,Seamus,Cartwright,maggio.mariah@gmail.com,7
1887,Marcelo,Leannon,ankunding.peter@hotmail.com,6
1888,Jasmin,Hoeger,mandy23@hotmail.com,2
1889,Major,Strosin,may.cole@yahoo.com,7
1890,Enola,Kshlerin,mgrimes@gmail.com,7
1891,Olen,Marquardt,beryl29@hotmail.com,1
1892,Bo,Green,bria88@gmail.com,6
1893,Berry,Mante,estel27@gmail.com,3
1894,Caleigh,Yost,qsanford@gmail.com,8
1895,Karson,Ullrich,linwood.stark@gmail.com,8
1896,Christophe,Hagenes,breitenberg.weldon@yahoo.com,1
1897,Korbin,Quigley,stephany.monahan@hotmail.com,2
1898,Kody,Rogahn,omayer@hotmail.com,8
1899,Serenity,Herzog,magali.dare@hotmail.com,4
1900,Daren,Ward,graham.river@hotmail.com,4
1901,Porter,Nikolaus,jarrell00@gmail.com,6
1902,Linwood,Buckridge,qpouros@hotmail.com,1
1903,Tabitha,Reilly,ritchie.jessica@hotmail.com,2
1904,Nolan,Lehner,prohaska.mikayla@gmail.com,1
1905,Jacky,Spinka,quitzon.robyn@hotmail.com,6
1906,Samantha,D'Amore,viva32@hotmail.com,7
1907,Hanna,Klocko,jeanne24@gmail.com,3
1908,Rosalee,Fahey,swaniawski.mikel@yahoo.com,4
1909,Lila,Lind,dayton42@gmail.com,4
1910,Magdalen,Jerde,zwillms@yahoo.com,8
1911,Leonard,Weissnat,dibbert.destany@gmail.com,9
1913,Gretchen,Champlin,arnulfo74@hotmail.com,6
1914,Clarabelle,Hintz,oswaldo.cummerata@hotmail.com,9
1915,Carmen,Hackett,estefania.schroeder@hotmail.com,7
1916,Brandi,Kuhn,tobin11@hotmail.com,7
1917,Jettie,Mante,reba92@hotmail.com,7
1918,Aileen,McCullough,chase.mccullough@yahoo.com,7
1919,Gussie,Barrows,enid.flatley@hotmail.com,6
1920,Sophie,Kemmer,ismitham@yahoo.com,1
1921,Jerrod,Hilpert,xlangworth@yahoo.com,3
1922,Angie,Stanton,hipolito69@hotmail.com,3
1923,Alexandrea,Mayert,jared48@gmail.com,9
1924,Mae,Jerde,aracely.nolan@yahoo.com,3
1925,Josh,Ruecker,kristian.baumbach@gmail.com,7
1926,Caleb,Sporer,seth.dicki@yahoo.com,6
1927,Kyra,Johnston,xabshire@hotmail.com,7
1928,Julian,Tremblay,diego.baumbach@yahoo.com,5
1930,Nellie,McCullough,mellie.abbott@yahoo.com,2
1931,Stewart,Schmidt,stella.ernser@gmail.com,1
1932,Destini,Medhurst,powlowski.martine@gmail.com,2
1933,Elna,Jacobs,benny.bruen@gmail.com,8
1934,Marianna,Smitham,esther99@hotmail.com,7
1935,Justus,Reinger,alberto.runolfsdottir@gmail.com,5
1936,Maeve,Hoppe,willms.vida@gmail.com,9
1937,Omer,Kovacek,zpacocha@yahoo.com,2
1938,Lupe,Cassin,batz.favian@yahoo.com,3
1939,Ashlee,Breitenberg,vgerlach@yahoo.com,8
1940,Coleman,Kerluke,mayert.norwood@hotmail.com,8
1941,Deangelo,Considine,marjolaine73@hotmail.com,5
1943,Hunter,Jones,rosenbaum.ross@yahoo.com,7
1944,Cleta,Kirlin,kelsi.lesch@hotmail.com,6
1945,Macy,Thiel,samantha49@yahoo.com,4
1946,Vidal,Hartmann,maida35@gmail.com,7
1948,Aiden,D'Amore,ruthe59@hotmail.com,8
1949,Olin,Lang,ftorp@yahoo.com,5
1950,Deborah,Altenwerth,bahringer.kareem@hotmail.com,6
1951,Carmel,Price,jfay@yahoo.com,2
1952,Jefferey,Kuhn,bobby.bartoletti@gmail.com,9
1953,Kasey,Gutmann,branson.pagac@yahoo.com,6
1954,Thurman,Daugherty,tyler32@gmail.com,4
1955,Woodrow,Kiehn,gledner@yahoo.com,4
1956,Gloria,Gislason,gsauer@hotmail.com,6
1957,Nicola,Stamm,tremblay.lora@yahoo.com,5
1958,Clark,Rowe,berge.domenica@yahoo.com,7
1959,Grant,Wyman,kassulke.eileen@yahoo.com,4
1960,Zora,Blick,liza89@hotmail.com,5
1961,Nicole,Macejkovic,richmond.bradtke@hotmail.com,6
1962,Jacklyn,Goldner,jkoelpin@gmail.com,5
1963,Myron,Heathcote,lilyan.hilll@gmail.com,1
1965,Conor,Collier,walter72@hotmail.com,4
1966,Tony,Stiedemann,robyn.oberbrunner@gmail.com,2
1967,Deshaun,Hodkiewicz,xjohnston@gmail.com,6
1968,Ali,Cole,adam.bogan@gmail.com,3
1969,Macie,McGlynn,nicolas16@yahoo.com,1
1970,Timmy,Shanahan,wiley67@yahoo.com,6
1972,Kamryn,Glover,ankunding.lonzo@yahoo.com,4
1974,Gilbert,Satterfield,leanne20@yahoo.com,7
1975,Gregoria,Denesik,eladio53@yahoo.com,5
1976,Brendon,Rodriguez,xlangosh@gmail.com,1
1977,Aliya,Kertzmann,kthiel@hotmail.com,2
1978,Zane,Fisher,green56@gmail.com,4
1979,Giovanni,Williamson,lindgren.jerod@yahoo.com,7
1980,Jasen,Stark,elwyn82@hotmail.com,6
1981,Glennie,Moen,dach.amelie@hotmail.com,2
1982,Kenya,Lowe,cole.ruben@gmail.com,1
1983,Johnson,Schaden,weissnat.dallas@gmail.com,5
1984,Hazel,Gorczany,vsmitham@yahoo.com,4
1985,Saige,Kling,iblanda@gmail.com,8
1986,Leland,Smith,walter.harris@gmail.com,5
1987,Brandyn,Runolfsdottir,gkuhn@yahoo.com,5
1988,Aleen,Koelpin,kaley.anderson@gmail.com,4
1989,Tad,Cummerata,emmett31@hotmail.com,5
1990,Donna,Hermiston,qhand@yahoo.com,9
1991,Yasmin,Hirthe,pearlie.wolf@yahoo.com,5
1992,Karianne,Johns,wo'conner@gmail.com,1
1993,Isobel,Tillman,jacky.o'conner@hotmail.com,8
1994,Eric,Smith,borer.kimberly@hotmail.com,6
1995,Zane,Simonis,lziemann@hotmail.com,4
1996,Arden,Gerhold,ana.cummings@hotmail.com,5
1997,Vernie,Rowe,ansley.strosin@yahoo.com,9
1998,Akeem,Von,jacey46@yahoo.com,3
1999,Nicolette,Hoppe,dietrich.kendall@yahoo.com,1
2000,Clarabelle,Davis,watsica.ursula@hotmail.com,2
